 <?xml version="1.0" ?>
  <!DOCTYPE package-info (View Source for full doctype...)>
- <package-info xmlns="http://www.simplemachines.org/xml/package-info" xmlns:smf="http://www.simplemachines.org/">
  <name>Islamic Avatars</name>
  <id>islam2hamy:islamicavatars(3)</id>
  <version>1.0</version>
  <type>avatar</type>
  
- <install for="1.1.0 - 1.1.99">
   <readme type="file">readme.txt</readme>
   <require-dir name="Islamic" destination="$avatardir" />
   <code>add_server.php</code>
  </install>
  
- <uninstall for="1.1.0 - 1.1.99">
   <remove-dir name="$avatardir/Islamic" />
  </uninstall>
  
  <install for="2.0 - 2.0.99">
   <readme type="file">readme.txt</readme>
   <require-dir name="Islamic" destination="$avatardir" />
   <code>add_server2.php</code>
  </install>
  
- <uninstall for="2.0 - 2.0.99">
   <remove-dir name="$avatardir/Islamic" />
  </uninstall>
  
  </package-info>