<?xml version="1.0"?>
<!DOCTYPE modification SYSTEM "http://www.simplemachines.org/xml/modification">
<!-- - - - - - - - - - - - - - - - - - - - - - - - - - - - - - - - - - - - - - -
	ATTENTION: If you are trying to install this manually, you should try
	the package manager.  If it will not work for you, please take a look
	at the following for information on this format:
		http://mods.simplemachines.org/docs/manual-install.php
 - - - - - - - - - - - - - - - - - - - - - - - - - - - - - - - - - - - - - - -->

<modification xmlns="http://www.simplemachines.org/xml/modification" xmlns:smf="http://www.simplemachines.org/">
    <id>Feeble:rateTopic</id>
    <version>1.0</version>

    <file name="$boarddir/index.php">
        <operation>
            <search position="before"><![CDATA['who' => array('Who.php', 'Who'),]]></search>
            <add><![CDATA[
		//START rateTopic code
		'rateTopic' => array('RateTopic.php', 'RateTopic'),
		//END rateTopic code]]></add>
        </operation>
    </file>
	<file name="$sourcedir/Display.php">
        <operation>
            <search position="after"><![CDATA[// Load up the "double post" sequencing magic.]]></search>
            <add><![CDATA[//START Topic Rate
	$request = db_query("
		SELECT ID_ICON, title, filename
		FROM {$db_prefix}message_icons
		WHERE ID_BOARD IN (0, $board)", __FILE__, __LINE__);
	$context['topic_rate'] = array();
	while ($row = mysql_fetch_assoc($request))
		$context['topic_rate'][$row['ID_ICON']] = array(
			'title' => $row['title'],
			'image' => preg_replace('/ /', '%20', $row['filename'])
			);
	mysql_free_result($request);
	//END Topic Rate
	
	]]></add>
        </operation>
		<operation>
            <search position="after"><![CDATA[return $output;]]></search>
            <add><![CDATA[//START rateTopic code
	global $db_prefix;
	$rateResult = db_query("
				SELECT rt.*, COUNT(rt.id_image) as totals
				FROM {$db_prefix}rate_topic as rt
				JOIN {$db_prefix}message_icons as mi ON (rt.id_image = mi.ID_ICON)
				WHERE rt.id_msg = '{$message['ID_MSG']}'
				GROUP BY rt.id_image
				ORDER BY totals DESC
				", __FILE__, __LINE__);
	
	$output['Rate_Topic'] = array();
	while ($row = mysql_fetch_assoc($rateResult)){
		$output['Rate_Topic'][] = $row;
	}
	mysql_free_result($rateResult);
	
	$rateResult = db_query("
				SELECT rt.*, COUNT(rt.id_image) as totals
				FROM {$db_prefix}rate_topic as rt
				JOIN {$db_prefix}message_icons as mi ON (rt.id_image = mi.ID_ICON)
				WHERE rt.id_to = '{$message['ID_MEMBER']}'
				GROUP BY rt.id_image
				ORDER BY totals DESC
				LIMIT 1
				", __FILE__, __LINE__);
	
	if (mysql_num_rows($rateResult) > 0)
		$output['Rate_User'] = mysql_fetch_assoc($rateResult);
	else
		$output['Rate_User'] = false;
	
	mysql_free_result($rateResult);
	//END rateTopic code
	
	]]></add>
        </operation>
    </file>
	<file name="$themedir/Display.template.php">
		<operation>
            <search position="after"><![CDATA[// Is this topic also a poll?]]></search>
            <add><![CDATA[///START rateTopic code
		echo '
			<script type="text/javascript">
				 var rateTopicloader = "'.$settings['default_theme_url'].'/ratetopic/";
			</script>
			<link rel="stylesheet" type="text/css" href="', $settings['default_theme_url'], '/ratetopic/ratetopicstyle.css" />
			<script type="text/javascript" src="'.$settings['default_theme_url'].'/ratetopic/wz_tooltip/wz_tooltip.js"></script>
			<script type="text/javascript" src="'.$settings['default_theme_url'].'/ratetopic/ratetopic.js"></script>
			';
	//END rateTopic code

	]]></add>
        </operation>
		<operation>
            <search position="after"><![CDATA[// Is this user allowed to modify this member's karma?]]></search>
            <add><![CDATA[//START rateTopic code
			if($message['Rate_User']){
				echo '<span class="rate_show_user" title="'.$context['topic_rate'][$message['Rate_User']['id_image']]['title'].'"><img src="'.$settings['images_url'], '/post/'.$context['topic_rate'][$message['Rate_User']['id_image']]['image'].'.gif" alt="'.$context['topic_rate'][$message['Rate_User']['id_image']]['title'].'" height="16" width="16" onclick="Tip(getUserRate(\'', $message['member']['id'], '\'))"/></span><br />';
			}
			//END Rate Topic Code
			
			]]></add>
        </operation>
		<operation>
            <search position="after"><![CDATA[		// Show the member's signature?]]></search>
            <add><![CDATA[				//START Rate Topic
		echo '
			<div class="rate_it">';

		if((!$context['user']['is_guest']) && ($message['member']['id'] != $context['user']['id'])){
			echo '
				<div class="rate_bar" id="rb_'.$message['id'].'">';
				
			
				foreach($context['topic_rate'] as $rateId => $rateInfo)
				{		
					echo '
					<div class="rate_button" style="background-image: url('.$settings['images_url'], '/post/'.$rateInfo['image'].'.gif );"><a href="#" onmouseout="RateHover( false, \''.$message['id'].'\', \'\' );" onmouseover="RateHover( true, \''.$message['id'].'\', \''.$rateInfo['title'].'\' );" onclick="return sendRate( \''.$rateId.'\', \''.$message['id'].'\', \''.$context['session_id'].'\' );" class="rate_button">
					<img title="'.$rateInfo['title'].'" src="'.$settings['default_theme_url'].'/ratetopic/blank.gif" alt="'.$rateInfo['title'].'" class="rate_button" height="16" width="16" /></a></div>
					';
				}
	
			echo '<div class="rate_text" id="rbt_'.$message['id'].'"></div>
				</div>
				';
			
		}
		
		echo '<div class="rate_text_line" id="rlt_'.$message['id'].'">
		';
			foreach($message['Rate_Topic'] as $row){
				echo $row['totals'].'x<span class="rate_show" style="'.($context['browser']['is_ie']?'':'padding-top: 4px; ').'background-image: url('.$settings['images_url'], '/post/'.$context['topic_rate'][$row['id_image']]['image'].'.gif );" title="'.$context['topic_rate'][$row['id_image']]['title'].'">
				<img src="'.$settings['default_theme_url'].'/ratetopic/blank.gif" alt="'.$context['topic_rate'][$row['id_image']]['title'].'" height="16" width="16" /></span> ';
			}
		echo '</div></div><br/><br/>
			';
			
		//END Rate Topic
		
]]></add>
        </operation>
    </file>
</modification>