<?xml version="1.0"?>
<!DOCTYPE package-info SYSTEM "http://www.simplemachines.org/xml/package-info">
<!-- - - - - - - - - - - - - - - - - - - - - - - - - - - - - - - - - - - - - - -
	ATTENTION: If you are trying to install this manually, you should try
	the package manager.  If it will not work for you, please take a look
	at the following for information on this format:
		http://mods.simplemachines.org/docs/manual-install.php
 - - - - - - - - - - - - - - - - - - - - - - - - - - - - - - - - - - - - - - -->

<package-info xmlns="http://www.simplemachines.org/xml/package-info" xmlns:smf="http://www.simplemachines.org/">
    <id>Feeble:rateTopic</id>
    <name>rateTopic</name>
    <version>1.0</version>
    <type>modification</type>
    <install for="1.1.2-99">
		<!-- Readme -->
		<readme parsebbc="true">readme.txt</readme>
		<!-- Code -->
		<code>installScript.php</code>
		<!-- Files to copy over -->
		<require-dir name="ratetopic" destination="$themedir" />
		<require-file name="RateTopic.php" destination="$sourcedir" />
		<require-file name="RateTopic.template.php" destination="$themedir" />
		<require-file name="RateTopic.english.php" destination="$languagedir" />
        
        <!-- Modifications to the SMF files -->
        <modification format="xml" type="file">install_SMF1-1.xml</modification>
    </install>
	
	<uninstall for="1.1.2-99">
		<modification type="file" reverse="true">install_SMF1-1.xml</modification>
		<remove-dir name="$themedir/ratetopic" />
		<remove-file name="$sourcedir/RateTopic.php" />
		<remove-file name="$themedir/RateTopic.template.php" />
		<remove-file name="$languagedir/RateTopic.english.php" />
	</uninstall>
</package-info>
