<?xml version="1.0"?>
<!DOCTYPE modification SYSTEM "http://www.simplemachines.org/xml/modification">
<modification xmlns="http://www.simplemachines.org/xml/modification" xmlns:smf="http://www.simplemachines.org/">
	<id>Labradoodle-360:Email_Template_Editor</id>
	<version>1.0</version>
	<file name="$sourcedir/Admin.php">
		<operation>
			<search position="before"><![CDATA[
						'profile' => array($txt['custom_profile_shorttitle'], 'enabled' => in_array('cp', $context['admin_features'])),
					),
				),
]]></search>
			<add><![CDATA[
				// Labradoodle-360; Email Template Editor
				'emailtemplates' => array(
					'label' => $txt['email_template_editor'],
					'file' => 'EmailTemplateEditor.php',
					'function' => 'ModifyEmailTemplates',
					'icon' => 'application_view_tile.png',
				),
				// End Labradoodle-360; Email Template Editor
]]></add>
		</operation>
	</file>
	<file name="$sourcedir/Subs-Post.php">
		<operation>
			<search position="before"><![CDATA[
		loadLanguage('EmailTemplates', $lang);
]]></search>
			<add><![CDATA[
	// Labradoodle-360; Email Template Editor
	global $sourcedir, $context;
	require_once($sourcedir. '/Subs-EmailTemplateEditor.php');
	EmailTemplates();
	// End Labradoodle-360; Email Template Editor
]]></add>
		</operation>
		<operation>
			<search position="replace"><![CDATA[
		'subject' => $txt['emails'][$template]['subject'],
		'body' => $txt['emails'][$template]['body'],
]]></search>
			<add><![CDATA[
		'subject' => isset($context['email_templates']['id_template'][$template]) && !empty($context['email_templates']['id_template'][$template]['subject']) ? un_htmlspecialchars($context['email_templates']['id_template'][$template]['subject']) : $txt['emails'][$template]['subject'],
		'body' => isset($context['email_templates']['id_template'][$template]) && !empty($context['email_templates']['id_template'][$template]['body']) ? un_htmlspecialchars($context['email_templates']['id_template'][$template]['body']) : $txt['emails'][$template]['body'],
]]></add>
		</operation>
	</file>
	<file name="$themedir/languages/Help.english.php">
		<operation>
			<search position="end"></search>
			<add><![CDATA[
// Labradoodle-360; Email Template Editor
global $context, $txt, $scripturl, $settings;
$helptxt['email_template_help_global_presets'] = 'Global Preset Variables are simply shortcuts which can be accessed in any email template.<br /><br /><strong>List of Global Presets</strong><br /><div style="font-size: 6pt;">{FORUMNAME} => '. $context['forum_name']. '<br />{SCRIPTURL} => '. $scripturl. '<br />{THEMEURL} => '. $settings['theme_url']. '<br />{IMAGESURL} => '. $settings['images_url']. '<br />{DEFAULT_THEMEURL} => '. $settings['default_theme_url']. '<br />{REGARDS} => '. $txt['regards_team']. '</div><br /><em>Shortcut => Output</em>';
$helptxt['email_template_help_send_test_email'] = 'Send Test Email allows you to select a template, and input a recipient\'s email address to test the output of your Custom Email Templates.';
// End Labradoodle-360; Email Template Editor
]]></add>
		</operation>
	</file>
	<file name="$themedir/languages/Modifications.english.php">
		<operation>
			<search position="end"></search>
			<add><![CDATA[
// Labradoodle-360; Email Template Editor
$txt['email_template_editor'] = 'Email Template Editor';
// End Labradoodle-360; Email Template Editor
]]></add>
		</operation>
	</file>
</modification>