<?xml version="1.0"?>
<!DOCTYPE package-info SYSTEM "http://www.simplemachines.org/xml/package-info">
<!-- - - - - - - - - - - - - - - - - - - - - - - - - - - - - - - - - - - - - - -
	Package manifest file for Email Template Editor

	ATTENTION: If you are trying to install this manually, you should try
	the package manager.  If it will not work for you, please take a look
	at the following for information on this format:
		http://mods.simplemachines.org/docs/manual-install.php

 - - - - - - - - - - - - - - - - - - - - - - - - - - - - - - - - - - - - - - -->

<package-info xmlns="http://www.simplemachines.org/xml/package-info" xmlns:smf="http://www.simplemachines.org/">

	<name>Email Template Editor</name>
	<id>Labradoodle-360:Email_Template_Editor</id>
	<version>1.0</version>
	<type>modification</type>

	<!-- !! Installs !! -->
	<install for="2.0 RC4, 2.0 RC5">
		<readme parsebbc="true">readme.txt</readme>
		<modification>email_template_editor_2.0.xml</modification>
		<!-- !! Source Files !! -->
		<require-file name="EmailTemplateEditor.php" destination="$sourcedir" />
		<require-file name="Subs-EmailTemplateEditor.php" destination="$sourcedir" />
		<!-- !! Template Files !! -->
		<require-file name="EmailTemplateEditor.template.php" destination="$themedir" />
		<!-- !! Languages !! -->
		<require-file name="EmailTemplateEditor.english.php" destination="$languagedir" />
		<require-file name="EmailTemplateEditor.english-utf8.php" destination="$languagedir" />
		<!-- !! Images !! -->
		<require-file name="application_view_tile.png" destination="$imagesdir/admin" />
		<require-dir name="email_templates" destination="$imagesdir" />
		<!-- !! Database !! -->
		<database>install.php</database>

		<!-- !! Then, redirect !! -->
		<redirect url="?action=admin;area=emailtemplates" />
	</install>

	<!-- !! Uninstalls !! -->
	<uninstall for="2.0 RC4, 2.0 RC5">
		<readme parsebbc="true">readme.txt</readme>
		<modification reverse="true">email_template_editor_2.0.xml</modification>
		<!-- !! Source Files !! -->
		<remove-file name="$sourcedir/EmailTemplateEditor.php" />
		<remove-file name="$sourcedir/Subs-EmailTemplateEditor.php" />
		<!-- !! Template Files !! -->
		<remove-file name="$themedir/default/EmailTemplateEditor.template.php" />
		<!-- !! Language Files !! -->
		<remove-file name="$languagedir/EmailTemplateEditor.english.php" />
		<remove-file name="$languagedir/EmailTemplateEditor.english-utf8.php" />
		<!-- !! Images !! -->
		<remove-file name="$imagesdir/admin/application_view_tile.png" />
		<remove-dir name="$imagesdir/email_templates" />
	</uninstall>

</package-info>