<?xml version="1.0"?>
<!DOCTYPE modification SYSTEM "http://www.simplemachines.org/xml/modification">
<modification xmlns="http://www.simplemachines.org/xml/modification" xmlns:smf="http://www.simplemachines.org/">
	<id>Masterd:AddStarsToProfile</id>
	<version>1.0.1</version>
	<file name="$themedir/Profile.template.php">
		<operation>
			<search position="replace"><![CDATA[			<div class="username"><h4>', $context['member']['name'], ' <span class="position">', (!empty($context['member']['group']) ? $context['member']['group'] : $context['member']['post_group']), '</span></h4></div>
]]></search>
			<add><![CDATA[				<div class="username"><h4>', $context['member']['name'], ' <span class="position">', (!empty($context['member']['group']) ? $context['member']['group'] : $context['member']['post_group']), '<br />', (!empty($context['member']['group_stars']) ? $context['member']['group_stars'] : ''), '</span></h4></div>
]]></add>
		</operation>
	</file>
	<file name="$themedir/UltimateProfile.template.php" error="skip">
		<operation error="skip">
			<search position="replace"><![CDATA[								<dt><strong>', $txt['position'], ': </strong></dt>
								<dd>', (!empty($context['member']['group']) ? $context['member']['group'] : $context['member']['post_group']), '</dd>
]]></search>
			<add><![CDATA[								<dt><strong>', $txt['position'], ': </strong></dt>
								<dd>', (!empty($context['member']['group']) ? $context['member']['group'] : $context['member']['post_group']), '<br /><br />', (!empty($context['member']['group_stars']) ? $context['member']['group_stars'] : ''), '</dd>
]]></add>
		</operation>
	</file>
</modification>
