<?xml version="1.0"?>
<!DOCTYPE package-info SYSTEM "http://www.simplemachines.org/xml/package-info">
<package-info xmlns="http://www.simplemachines.org/xml/package-info" xmlns:smf="http://www.simplemachines.org/">
	<name>Add Stars To Profile</name>
	<id>Masterd:AddStarsToProfile</id>
	<type>modification</type>
	<version>1.0.1</version>
   <install for="2.0 RC3 - 2.0.99">
		<readme parsebbc="true">readme.txt</readme>
		<modification type="file">modification.xml</modification>
	</install>
   <uninstall for="2.0 RC3 - 2.0.99">
		<modification type="file" reverse="true">modification.xml</modification>
	</uninstall>
</package-info>
