<?xml version="1.0"?>
<!DOCTYPE package-info SYSTEM "http://www.simplemachines.org/xml/package-info">
<package-info xmlns="http://www.simplemachines.org/xml/package-info" xmlns:smf="http://www.simplemachines.org/">
  <id>Sirkonrads:fantasticsmileys</id>
  <name>FantasticSmileys</name>
  <version>1.0</version>
  <type>modification</type>
  <install>
    <require-dir name="fantasticsmileys" destination="$smileysdir" />
  </install>
  <uninstall>
    <remove-dir name="$smileysdir/fantasticsmileys" />
  </uninstall>
</package-info>
