<?xml version="1.0"?>
<!DOCTYPE package-info SYSTEM "http://www.simplemachines.org/xml/package-info">
<package-info xmlns="http://www.simplemachines.org/xml/package-info" xmlns:smf="http://www.simplemachines.org/">
  <id>shadow82x:halloweensmilies</id>
  <name>Halloween Smiley Pack (3d)</name>
  <version>1.0</version>
  <type>modification</type>
  <install>
    <readme type="file">Terms_of_Use.txt</readme>
    <require-dir name="halloween" destination="$smileysdir" />
  </install>
  <uninstall>
    <remove-dir name="$smileysdir/halloween" />
  </uninstall>
</package-info>
