<modification xmlns="http://www.simplemachines.org/xml/modification" xmlns:smf="http://www.simplemachines.org/">
	<id>jaybachatero:country_flags</id>
	<version>1.0.3</version>

	<file name="$languagedir/Modifications.english.php">
		<operation>
			<search position="end" />
			<add><![CDATA[
// Country Flag mod
$txt['country_flag_label'] = 'Please select your country';
$txt['country_flag_error_required'] = 'You must select the country that you visit us from';
$txt['country_flag_ask'] = 'Ask for country flag on';
$txt['country_flag_disabled'] = 'Don\'t show (Disabled)';
$txt['country_flag_profile'] = 'Profile';
$txt['country_flag_registration'] = 'Registration';
$txt['country_flag_both'] = 'Both';
$txt['country_flag_required'] = 'Require a member to select a location?';
$txt['country_flag_show'] = 'Show flags on Display page (Where posts are shown).';
$txt['country_flag'] = 'Country';
]]></add>
		</operation>
	</file>

	<file name="$languagedir/Modifications.english-utf8.php" error="skip">
		<operation>
			<search position="end" />
			<add><![CDATA[
// Country Flag mod
$txt['country_flag_label'] = 'Please select your country';
$txt['country_flag_error_required'] = 'You must select the country that you visit us from';
$txt['country_flag_ask'] = 'Ask for country flag on';
$txt['country_flag_disabled'] = 'Don\'t show (Disabled)';
$txt['country_flag_profile'] = 'Profile';
$txt['country_flag_registration'] = 'Registration';
$txt['country_flag_both'] = 'Both';
$txt['country_flag_required'] = 'Require a member to select a location?';
$txt['country_flag_show'] = 'Show flags on Display page (Where posts are shown).';
$txt['country_flag'] = 'Country';
]]></add>
		</operation>
	</file>

</modification>