<?xml version="1.0"?>
<!DOCTYPE modification SYSTEM "http://www.simplemachines.org/xml/modification">
<modification xmlns="http://www.simplemachines.org/xml/modification" xmlns:smf="http://www.simplemachines.org/">
    <id>smftricks:postprefix</id>
    <version>2.0.3</version>
	<file name="$sourcedir/ManagePermissions.php">
		<operation>
			<search position="replace"><![CDATA['send_mail',
		'approve_posts',]]></search>
			<add><![CDATA['send_mail',
		'approve_posts',
		'manage_prefixes',
		'set_prefix',]]></add>
		</operation>
	</file>
	<file name="$sourcedir/Subs-Post.php">
		<operation>
			<search position="replace"><![CDATA[$topicOptions['sticky_mode'] !== null || $topicOptions['lock_mode'] !== null || $topicOptions['poll'] !== null]]></search>
			<add><![CDATA[$topicOptions['sticky_mode'] !== null || $topicOptions['lock_mode'] !== null || $topicOptions['poll'] !== null || $topicOptions['id_prefix'] != null]]></add>
		</operation>
		<operation>
			<search position="replace"><![CDATA[id_poll = {raw:id_poll}]]></search>
			<add><![CDATA[id_prefix = {raw:id_prefix},
				id_poll = {raw:id_poll}]]></add>
		</operation>
		<operation>
			<search position="replace"><![CDATA['id_poll' => $topicOptions['poll'] === null ? 'id_poll' : (int) $topicOptions['poll'],]]></search>
			<add><![CDATA['id_prefix' => $topicOptions['id_prefix'] === null ? 0 : (int) $topicOptions['id_prefix'],
				'id_poll' => $topicOptions['poll'] === null ? 'id_poll' : (int) $topicOptions['poll'],]]></add>
		</operation>
		<operation>
			<search position="replace"><![CDATA['id_poll' => 'int', 'unapproved_posts' => 'int', 'approved' => 'int',]]></search>
			<add><![CDATA['id_poll' => 'int', 'unapproved_posts' => 'int', 'approved' => 'int',
				'id_prefix' => 'int',]]></add>
		</operation>
		<operation>
			<search position="replace"><![CDATA[$topicOptions['poll'] === null ? 0 : $topicOptions['poll'], $msgOptions['approved'] ? 0 : 1, $msgOptions['approved'],]]></search>
			<add><![CDATA[$topicOptions['poll'] === null ? 0 : $topicOptions['poll'], $msgOptions['approved'] ? 0 : 1, $msgOptions['approved'],
				$topicOptions['id_prefix'] == null ? 0 : $topicOptions['id_prefix'],]]></add>
		</operation>
		<operation>
			<search position="replace"><![CDATA[// Set optional parameters to the default value.]]></search>
			<add><![CDATA[// Set optional parameters to the default value.
	$topicOptions['id_prefix'] = isset($topicOptions['id_prefix']) ? $topicOptions['id_prefix'] : 0;]]></add>
		</operation>
		<operation>
			<search position="replace"><![CDATA['is_sticky' => $topicOptions['sticky_mode'],
				'id_topic' => $topicOptions['id'],]]></search>
			<add><![CDATA['is_sticky' => $topicOptions['sticky_mode'],
				'id_topic' => $topicOptions['id'],
				'id_prefix' => $topicOptions['id_prefix'],]]></add>
		</operation>
		<operation>
			<search position="replace"><![CDATA[$topicOptions['sticky_mode'] = isset($topicOptions['sticky_mode']) ? $topicOptions['sticky_mode'] : null;

	// This is longer than it has to be, but makes it so we only set/change what we have to.]]></search>
			<add><![CDATA[$topicOptions['sticky_mode'] = isset($topicOptions['sticky_mode']) ? $topicOptions['sticky_mode'] : null;
	$topicOptions['id_prefix'] = isset($topicOptions['id_prefix']) ? $topicOptions['id_prefix'] : null;

	// This is longer than it has to be, but makes it so we only set/change what we have to.]]></add>
		</operation>
	</file>
	<file name="$sourcedir/Display.php">
		<operation>
			<search position="replace"><![CDATA[t.num_replies, t.num_views, t.locked, ms.subject, t.is_sticky, t.id_poll,]]></search>
			<add><![CDATA[t.num_replies, t.num_views, t.locked, ms.subject, t.is_sticky, t.id_poll, t.id_prefix,]]></add>
		</operation>
		<operation>
			<search position="replace"><![CDATA[$context['subject'] = $topicinfo['subject'];]]></search>
			<add><![CDATA[$context['subject'] = $topicinfo['subject'];
	$context['prefix_subject'] = PostPrefix::formatPrefix($topicinfo['id_prefix']). ' '.$topicinfo['subject'];]]></add>
		</operation>
		<operation>
			<search position="replace"><![CDATA['extra_before' => $settings['linktree_inline'] ? $txt['topic'] . ': ' : '']]></search>
			<add><![CDATA['extra_before' => $settings['linktree_inline'] ? $txt['topic'] . ': ' : ''. PostPrefix::formatPrefix($topicinfo['id_prefix'])]]></add>
		</operation>
	</file>
	<file name="$themedir/Display.template.php">
		<operation>
			<search position="replace"><![CDATA[', $context['subject'],]]></search>
			<add><![CDATA[', $context['prefix_subject'],]]></add>
		</operation>
    </file>
    <file name="$sourcedir/Post.php">
		<operation>
			<search position="replace"><![CDATA[m.id_member, m.modified_time, m.smileys_enabled, m.body,
					m.poster_name,]]></search>
			<add><![CDATA[m.id_member, m.modified_time, m.smileys_enabled, m.body, t.id_prefix,
					m.poster_name,]]></add>
		</operation>
		<operation>
			<search position="replace"><![CDATA[m.id_member, m.modified_time, m.smileys_enabled, m.body,
				m.poster_name,]]></search>
			<add><![CDATA[m.id_member, m.modified_time, m.smileys_enabled, m.body, t.id_prefix,
				m.poster_name,]]></add>
		</operation>
		<operation>
			<search position="replace"><![CDATA[// Check the subject and message.]]></search>
			<add><![CDATA[// Check the subject and message.
	if ((!isset($_POST['id_prefix']) || $_POST['id_prefix'] === 0 || empty($_POST['id_prefix'])) && (!empty($board_info['require_prefix'])) && isset($_REQUEST['prefix_istopic']))
	{
		loadLanguage(PostPrefix::$name);
		$post_errors[] = 'no_prefix';
	}]]></add>
		</operation>
		<operation>
			<search position="replace"><![CDATA['poll' => isset($_REQUEST['poll']) ? $id_poll : null,]]></search>
			<add><![CDATA['id_prefix' => isset($_REQUEST['id_prefix']) ? $_REQUEST['id_prefix'] : 0,
		'poll' => isset($_REQUEST['poll']) ? $id_poll : null,]]></add>
		</operation>
		<operation>
			<search position="replace"><![CDATA['error_in_subject' => in_array('no_subject', $post_errors),]]></search>
			<add><![CDATA['error_in_subject' => in_array('no_subject', $post_errors),
				'error_in_id_prefix' => in_array('no_prefix', $post_errors),]]></add>
		</operation>
		<operation>
			<search position="replace"><![CDATA[$context['icon'] = isset($_REQUEST['icon']) ? preg_replace('~[\./\\\\*\':"<>]~', '', $_REQUEST['icon']) : 'xx';]]></search>
			<add><![CDATA[$context['icon'] = isset($_REQUEST['icon']) ? preg_replace('~[\./\\\\*\':"<>]~', '', $_REQUEST['icon']) : 'xx';
		$context['id_prefix'] = isset($_REQUEST['id_prefix']) ? $_REQUEST['id_prefix'] : 0;]]></add>
		</operation>
		<operation>
			<search position="replace"><![CDATA[// Check the boxes that should be checked.]]></search>
			<add><![CDATA[// Check the boxes that should be checked.
		$context['id_prefix'] = $row['id_prefix'];]]></add>
		</operation>
		<operation>
			<search position="replace"><![CDATA[$context['icon'] = 'xx';]]></search>
			<add><![CDATA[$context['icon'] = 'xx';
		$context['id_prefix'] = 0;]]></add>
		</operation>
		<operation>
			<search position="replace"><![CDATA[// WYSIWYG only works if BBC is enabled]]></search>
			<add><![CDATA[// Get the prefixes
	PostPrefix::getPrefix($context['current_board']);

	// WYSIWYG only works if BBC is enabled]]></add>
		</operation>
	</file>
	<file name="$sourcedir/Subs-Recent.php">
		<operation>
			<search position="replace"><![CDATA[m.poster_time, m.subject, m.id_topic, m.id_member, m.id_msg,]]></search>
			<add><![CDATA[m.poster_time, m.subject, m.id_topic, m.id_member, m.id_msg, t.id_prefix, t.id_first_msg,]]></add>
		</operation>
		<operation>
			<search position="replace"><![CDATA['link' => '<a href="' . $scripturl . '?topic=' . $row['id_topic'] . '.msg' . $row['id_msg'] . ';topicseen#msg' . $row['id_msg'] . '" rel="nofollow">' . $row['subject'] . '</a>']]></search>
			<add><![CDATA['link' => ($row['id_msg'] == $row['id_first_msg'] ? PostPrefix::formatPrefix($row['id_prefix']) : ''). ' <a href="' . $scripturl . '?topic=' . $row['id_topic'] . '.msg' . $row['id_msg'] . ';topicseen#msg' . $row['id_msg'] . '" rel="nofollow">' . $row['subject'] . '</a>']]></add>
		</operation>
	</file>
	<file name="$sourcedir/Load.php">
		<operation>
			<search position="replace"><![CDATA[c.id_cat, b.name AS bname, b.description, b.num_topics, b.member_groups,]]></search>
			<add><![CDATA[c.id_cat, b.name AS bname, b.description, b.num_topics, b.member_groups, b.require_prefix,]]></add>
		</operation>
		<operation>
			<search position="replace"><![CDATA['cur_topic_starter' => empty($topic) ? 0 : $row['id_member_started'],
			);]]></search>
			<add><![CDATA['cur_topic_starter' => empty($topic) ? 0 : $row['id_member_started'],
				'require_prefix' => $row['require_prefix'],
			);]]></add>
		</operation>
	</file>
	<file name="$themedir/Search.template.php">
		<operation>
			<search position="replace"><![CDATA[<dd>', $txt['search_between'], ' <input type="text" name="minage" value="', empty($context['search_params']['minage']) ? '0' : $context['search_params']['minage'], '" size="5" maxlength="4" class="input_text" />&nbsp;', $txt['search_and'], '&nbsp;<input type="text" name="maxage" value="', empty($context['search_params']['maxage']) ? '9999' : $context['search_params']['maxage'], '" size="5" maxlength="4" class="input_text" /> ', $txt['days_word'], '</dd>
				</dl>]]></search>
			<add><![CDATA[<dd>', $txt['search_between'], ' <input type="text" name="minage" value="', empty($context['search_params']['minage']) ? '0' : $context['search_params']['minage'], '" size="5" maxlength="4" class="input_text" />&nbsp;', $txt['search_and'], '&nbsp;<input type="text" name="maxage" value="', empty($context['search_params']['maxage']) ? '9999' : $context['search_params']['maxage'], '" size="5" maxlength="4" class="input_text" /> ', $txt['days_word'], '</dd>
					<dt class="prefix">', $txt['PostPrefix_select_prefix'], ': </dt>
					<dd> 
						<select name="prefix" id="prefix">
							<optgroup label="', $txt['PostPrefix_select_prefix'], '">
								<option value="0">', $txt['PostPrefix_prefix_none'], '</option>';
						// Prefixes
						foreach ($context['prefix']['post'] as $prefix)
						{
							echo '
								<option value="', $prefix['id'], '">', $prefix['name'], '</option>';
						}

					echo '
							</optgroup>
						</select>
					</dd>
				</dl>]]></add>
		</operation>
	</file>
	<file name="$sourcedir/Search.php">
		<operation>
			<search position="replace"><![CDATA[if (!empty($context['search_params']['maxage']))
		$context['search_params']['maxage'] = (int) $context['search_params']['maxage'];]]></search>
			<add><![CDATA[if (!empty($context['search_params']['maxage']))
		$context['search_params']['maxage'] = (int) $context['search_params']['maxage'];
	// Prefixes
	if (!empty($context['search_params']['prefix']))
		$context['search_params']['prefix'] = (int) $context['search_params']['prefix'];]]></add>
		</operation>
		<operation>
			<search position="replace"><![CDATA[// Load the error text strings if there were errors in the search.]]></search>
			<add><![CDATA[// Prefix?
	PostPrefix::getPrefix(0,true);

	// Load the error text strings if there were errors in the search.]]></add>
		</operation>
		<operation>
			<search position="replace"><![CDATA[// Maximum age of messages. Default to infinite (9999 days: param not set).
	if (!empty($search_params['maxage']) || (!empty($_REQUEST['maxage']) && $_REQUEST['maxage'] < 9999))
		$search_params['maxage'] = !empty($search_params['maxage']) ? (int) $search_params['maxage'] : (int) $_REQUEST['maxage'];]]></search>
			<add><![CDATA[// Maximum age of messages. Default to infinite (9999 days: param not set).
	if (!empty($search_params['maxage']) || (!empty($_REQUEST['maxage']) && $_REQUEST['maxage'] < 9999))
		$search_params['maxage'] = !empty($search_params['maxage']) ? (int) $search_params['maxage'] : (int) $_REQUEST['maxage'];

	// Prefixes
	if (!empty($_REQUEST['prefix']))
		$search_params['prefix'] = (int) $_REQUEST['prefix'];]]></add>
		</operation>
		<operation>
			<search position="replace"><![CDATA[if (!empty($boardQuery))
						$subject_query['where'][] = 't.id_board ' . $boardQuery;]]></search>
			<add><![CDATA[if (!empty($boardQuery))
					{
						$subject_query['where'][] = 't.id_board ' . $boardQuery;
						// Prefixes
						$subject_query['where'][] = 't.id_prefix ' . $search_params['prefix'];
					}]]></add>
		</operation>
		<operation>
			<search position="replace"><![CDATA[if (!empty($search_params['topic']))
						{
							$subject_query['where'][] = 't.id_topic = {int:topic}';
							$subject_query['params']['topic'] = $search_params['topic'];
						}]]></search>
			<add><![CDATA[if (!empty($search_params['topic']))
						{
							$subject_query['where'][] = 't.id_topic = {int:topic}';
							$subject_query['params']['topic'] = $search_params['topic'];
						}
						// Prefixes
						if (!empty($search_params['prefix']))
						{
							$subject_query['where'][] = 't.id_prefix = {int:prefix}';
							$subject_query['params']['prefix'] = $search_params['prefix'];
						}]]></add>
		</operation>
		<operation>
			<search position="replace"><![CDATA['topic' => !empty($search_params['topic']) ? $search_params['topic'] : 0,]]></search>
			<add><![CDATA['topic' => !empty($search_params['topic']) ? $search_params['topic'] : 0,
									// Prefix
									'prefix' => !empty($search_params['prefix']) ? $search_params['prefix'] : 0,]]></add>
		</operation>
		<operation>
			<search position="replace"><![CDATA[if (!empty($search_params['topic']))
					{
						$main_query['where'][] = 'm.id_topic = {int:topic}';
						$main_query['parameters']['topic'] = $search_params['topic'];
					}]]></search>
			<add><![CDATA[if (!empty($search_params['topic']))
					{
						$main_query['where'][] = 'm.id_topic = {int:topic}';
						$main_query['parameters']['topic'] = $search_params['topic'];
					}
					// Prefix
					if (!empty($search_params['prefix']))
					{
						$main_query['where'][] = 't.id_prefix = {int:prefix}';
						$main_query['parameters']['prefix'] = $search_params['prefix'];
					}]]></add>
		</operation>
		<operation>
			<search position="replace"><![CDATA['subject' => $message['first_subject'],]]></search>
			<add><![CDATA['subject' => $message['first_subject'],
			// Prefixes
			'prefix' => PostPrefix::formatPrefix($message['id_prefix']),]]></add>
		</operation>
	</file>
	<file name="$sourcedir/Profile-View.php">
		<operation>
			<search position="replace"><![CDATA[t.approved, m.body, m.smileys_enabled, m.subject, m.poster_time, m.id_topic, m.id_msg]]></search>
			<add><![CDATA[t.approved, m.body, m.smileys_enabled, m.subject, m.poster_time, m.id_topic, m.id_msg, t.id_prefix]]></add>
		</operation>
		<operation>
			<search position="replace"><![CDATA[t.id_member_started, t.id_first_msg, t.id_last_msg, m.body, m.smileys_enabled,]]></search>
			<add><![CDATA[t.id_member_started, t.id_first_msg, t.id_last_msg, m.body, m.smileys_enabled, t.id_prefix,]]></add>
		</operation>
		<operation>
			<search position="replace"><![CDATA['topic' => $row['id_topic'],
			'subject' => $row['subject'],]]></search>
			<add><![CDATA['topic' => $row['id_topic'],
			'prefix' => $row['id_msg'] == $row['id_first_msg'] ? PostPrefix::formatPrefix($row['id_prefix']) : '',
			'subject' => $row['subject'],]]></add>
		</operation>
	</file>
	<file name="$themedir/Profile.template.php">
		<operation>
			<search position="replace"><![CDATA[', $post['board']['name'], '</a> /]]></search>
			<add><![CDATA[', $post['board']['name'], '</a> / ', $post['prefix'], ']]></add>
		</operation>
	</file>
	<file name="$sourcedir/Recent.php">
		<operation>
			<search position="replace"><![CDATA[m.id_msg, m.subject, m.smileys_enabled, m.poster_time, m.body, m.id_topic, t.id_board, b.id_cat,]]></search>
			<add><![CDATA[m.id_msg, m.subject, m.smileys_enabled, m.poster_time, m.body, m.id_topic, t.id_board, b.id_cat, t.id_prefix,]]></add>
		</operation>
		<operation>
			<search position="replace"><![CDATA['link' => '<a href="' . $scripturl . '?topic=' . $row['id_topic'] . '.msg' . $row['id_msg'] . '#msg' . $row['id_msg'] . '" rel="nofollow">' . $row['subject'] . '</a>',]]></search>
			<add><![CDATA['link' => ($row['id_msg'] == $row['id_first_msg'] ? PostPrefix::formatPrefix($row['id_prefix']) : ''). ' <a href="' . $scripturl . '?topic=' . $row['id_topic'] . '.msg' . $row['id_msg'] . '#msg' . $row['id_msg'] . '" rel="nofollow">' . $row['subject'] . '</a>',]]></add>
		</operation>
		<operation>
			<search position="replace"><![CDATA[if ($context['showing_all_topics'])
	{]]></search>
			<add><![CDATA[$select_clause .= ', t.id_prefix';

	if ($context['showing_all_topics'])
	{]]></add>
		</operation>
		<operation>
			<search position="replace"><![CDATA['link' => '<a href="' . $scripturl . '?topic=' . $row['id_topic'] . '.0;topicseen">' . $row['first_subject'] . '</a>']]></search>
			<add><![CDATA['link' => PostPrefix::formatPrefix($row['id_prefix']). ' <a href="' . $scripturl . '?topic=' . $row['id_topic'] . '.0;topicseen">' . $row['first_subject'] . '</a>']]></add>
		</operation>
	</file>
	<file name="$themedir/Post.template.php">
		<operation>
			<search position="replace"><![CDATA[// Now show the subject box for this post.]]></search>
			<add><![CDATA[// Prefixes
	if (!empty($context['prefix']['post']) && $context['is_first_post'])
	{
		echo '
						<dt class="clear">
							<span', isset($context['post_error']['no_prefix']) ? ' class="error"' : '', ' id="caption_id_prefix">', $txt['PostPrefix_select_prefix'], '</span>
						</dt>
						<dd>
							<select name="id_prefix" id="id_prefix">
								<optgroup label="', $txt['PostPrefix_select_prefix'], '">
									<option value="0"', ($context['id_prefix'] == 0) ? ' selected' : '' ,'>', $txt['PostPrefix_prefix_none'], '</option>';
							foreach ($context['prefix']['post'] as $prefix)
							{
								echo '
									<option value="', $prefix['id'], '"', $prefix['id'] == $context['id_prefix'] ? ' selected' : '' ,'>', $prefix['name'], '</option>';
							}
				echo '
								</optgroup>
							</select>
							<input type="hidden" name="prefix_istopic" value="1">
						</dd>';
	}

	// Now show the subject box for this post.]]></add>
		</operation>
	</file>
	<file name="$themedir/MessageIndex.template.php">
		<operation>
			<search position="end"><![CDATA[]]></search>
			<add><![CDATA[function template_filterPrefix()
{
	global $context, $modSettings, $scripturl, $txt;

	// Prefix
	if (!empty($modSettings['PostPrefix_enable_filter']) && !empty($context['prefix']['post']))
	{
			
		echo'
			<div class="cat_bar">
				<h3 class="catbg">
					', $txt['PostPrefix_filter'],'
				</h3>
			</div>
			<div class="windowbg">
				<span class="topslice"><span></span></span>
					<div class="content">';

				// Show all the prefixes for this board.
				foreach ($context['prefix']['post'] as $prefix)
					echo'
						<a href="' . $scripturl . '?board=' . $context['current_board'] . '.0;prefix=' . $prefix['id'] . '">' . PostPrefix::formatPrefix($prefix['id']) . '</a>, ';
			
			echo'
						<a href="', $scripturl, '?board=', $context['current_board'], '.0;prefix=0">', $txt['PostPrefix_filter_noprefix'], '</a>, 
						<a href="', $scripturl, '?board=', $context['current_board'], '.0">', $txt['PostPrefix_filter_all'], '</a>
					</div>
				<span class="botslice"><span></span></span>
			</div>
			<br class="clear" />';
	}
}]]></add>
		</operation>
	</file>
	<file name="$sourcedir/MessageIndex.php">
		<operation>
			<search position="replace"><![CDATA[// How many topics do we have in total?
	$board_info['total_topics'] = allowedTo('approve_posts') ? $board_info['num_topics'] + $board_info['unapproved_topics'] : $board_info['num_topics'] + $board_info['unapproved_user_topics'];]]></search>
			<add><![CDATA[// How many topics do we have in total?
	if (!isset($_REQUEST['prefix']))
		$board_info['total_topics'] = allowedTo('approve_posts') ? $board_info['num_topics'] + $board_info['unapproved_topics'] : $board_info['num_topics'] + $board_info['unapproved_user_topics'];
	else
		$board_info['total_topics'] = allowedTo('approve_posts') ? PostPrefix::countTopics($board_info['id'], $_REQUEST['prefix']) - $board_info['unapproved_topics'] : PostPrefix::countTopics($board_info['id'], $_REQUEST['prefix']) - $board_info['unapproved_user_topics'];]]></add>
		</operation>
		<operation>
			<search position="replace"><![CDATA[// Make sure the starting place makes sense and construct the page index.
	if (isset($_REQUEST['sort']))
		$context['page_index'] = constructPageIndex($scripturl . '?board=' . $board . '.%1$d;sort=' . $_REQUEST['sort'] . (isset($_REQUEST['desc']) ? ';desc' : ''), $_REQUEST['start'], $board_info['total_topics'], $maxindex, true);
	else
		$context['page_index'] = constructPageIndex($scripturl . '?board=' . $board . '.%1$d', $_REQUEST['start'], $board_info['total_topics'], $maxindex, true);]]></search>
			<add><![CDATA[// Make sure the starting place makes sense and construct the page index.
	if (isset($_REQUEST['sort']) && isset($_REQUEST['prefix']))
		$context['page_index'] = constructPageIndex($scripturl . '?board=' . $board . '.%1$d;sort=' . $_REQUEST['sort'] . (isset($_REQUEST['desc']) ? ';desc' : '').(isset($_REQUEST['prefix']) ? ';prefix='.$_REQUEST['prefix'] : ''), $_REQUEST['start'], $board_info['total_topics'], $maxindex, true);
	elseif (isset($_REQUEST['prefix']))
		$context['page_index'] = constructPageIndex($scripturl . '?board=' . $board . '.%1$d;'.(isset($_REQUEST['prefix']) ? ';prefix='.$_REQUEST['prefix'] : ''), $_REQUEST['start'], $board_info['total_topics'], $maxindex, true);
	elseif (isset($_REQUEST['sort']))
		$context['page_index'] = constructPageIndex($scripturl . '?board=' . $board . '.%1$d;sort=' . $_REQUEST['sort'] . (isset($_REQUEST['desc']) ? ';desc' : ''), $_REQUEST['start'], $board_info['total_topics'], $maxindex, true);
	else
		$context['page_index'] = constructPageIndex($scripturl . '?board=' . $board . '.%1$d', $_REQUEST['start'], $board_info['total_topics'], $maxindex, true);]]></add>
		</operation>
		<operation>
			<search position="replace"><![CDATA['last_post' => 't.id_last_msg']]></search>
			<add><![CDATA['last_post' => 't.id_last_msg',
		'prefix' => 't.id_prefix']]></add>
		</operation>
		<operation>
			<search position="replace"><![CDATA[t.id_topic, t.num_replies, t.locked, t.num_views, t.is_sticky, t.id_poll, t.id_previous_board,]]></search>
			<add><![CDATA[t.id_topic, t.num_replies, t.locked, t.num_views, t.is_sticky, t.id_poll, t.id_previous_board, t.id_prefix,]]></add>
		</operation>
		<operation>
			<search position="replace"><![CDATA['link' => '<a href="' . $scripturl . '?topic=' . $row['id_topic'] . '.0">' . $row['first_subject'] . '</a>']]></search>
			<add><![CDATA['link' => PostPrefix::formatPrefix($row['id_prefix']). ' <a href="' . $scripturl . '?topic=' . $row['id_topic'] . '.0">' . $row['first_subject'] . '</a>']]></add>
		</operation>
		<operation>
			<search position="replace"><![CDATA[WHERE ' . ($pre_query ? 't.id_topic IN ({array_int:topic_list})' : 't.id_board = {int:current_board}') . (!$modSettings['postmod_active'] || $context['can_approve_posts'] ? '' : '
				AND (t.approved = {int:is_approved}' . ($user_info['is_guest'] ? '' : ' OR t.id_member_started = {int:current_member}') . ')') . ']]></search>
			<add><![CDATA[WHERE ' . ($pre_query ? 't.id_topic IN ({array_int:topic_list})' : 't.id_board = {int:current_board}') . (!$modSettings['postmod_active'] || $context['can_approve_posts'] ? '' : '
				AND (t.approved = {int:is_approved}' . ($user_info['is_guest'] ? '' : ' OR t.id_member_started = {int:current_member}') . ')') . (isset($_REQUEST['prefix']) ? '
				AND t.id_prefix = {int:topic_prefix}' : ''). ']]></add>
		</operation>
		<operation>
			<search position="replace"><![CDATA['find_set_topics' => implode(',', $topic_ids),]]></search>
			<add><![CDATA['find_set_topics' => implode(',', $topic_ids),
				'topic_prefix' => (isset($_REQUEST['prefix']) ? $_REQUEST['prefix'] : ''),]]></add>
		</operation>
	</file>
</modification>