<?xml version="1.0"?>
<!DOCTYPE package-info SYSTEM "http://www.simplemachines.org/xml/package-info">
<package-info xmlns="http://www.simplemachines.org/xml/package-info" xmlns:smf="http://www.simplemachines.org/">
	<id>Runic:Slash_Through_Banned</id>
	<name>Slash through Banned Usernames</name>
	<version>3.1</version>
	<type>modification</type>
	
	<install for="2.0 - 2.0.99">
		<modification type="file">install20.xml</modification>
	</install>
	
	<uninstall for="2.0 - 2.0.99">
		<modification type="file" reverse="true">install20.xml</modification>
	</uninstall>
</package-info>