<?xml version="1.0"?>
<!DOCTYPE modification SYSTEM "http://www.simplemachines.org/xml/modification">
<modification xmlns="http://www.simplemachines.org/xml/modification" xmlns:smf="http://www.simplemachines.org/">
	<id>Bugo:SmartPagination</id>
	
	<file name="$sourcedir/Subs.php">
		<operation>
			<search position="replace"><![CDATA[$pageindex .= '[<strong>' . ($start / $num_per_page + 1) . '</strong>] ';]]></search>
			<add><![CDATA[$pageindex .= '<strong>' . ($start / $num_per_page + 1) . '</strong> ';]]></add>
		</operation>
	</file>
	
</modification>