<?xml version="1.0"?>
<!DOCTYPE package-info SYSTEM "http://www.simplemachines.org/xml/package-info">
<package-info xmlns="http://www.simplemachines.org/xml/package-info" xmlns:smf="http://www.simplemachines.org/">
	<id>Bugo:SmartPagination</id>
	<name>Smart Pagination</name>
	<version>0.8.2</version>
	<type>modification</type>
	
	<install for="2.0 - 2.0.99">
		<readme parsebbc="true" lang="russian-utf8">readme/russian-utf8.txt</readme>
		<readme parsebbc="true" lang="russian">readme/russian.txt</readme>
		<readme parsebbc="true">readme/readme.txt</readme>
		<modification>install.xml</modification>
		<require-dir name="default/css" destination="$themedir" />
		<require-file name="core/Subs-Pagination.php" destination="$sourcedir" />
		<code>hooks.php</code>
	</install>
	
	<uninstall for="2.0 - 2.0.99">
		<code>hooks.php</code>
		<modification reverse="true">install.xml</modification>
		<remove-file name="$themedir/css/pagination.css" />
		<remove-file name="$sourcedir/Subs-Pagination.php" />
		<redirect url="?action=admin;area=packages;sa=browse" timeout="1000" />
	</uninstall>
	
</package-info>