<?xml version="1.0"?>
<!DOCTYPE modification SYSTEM "http://www.simplemachines.org/xml/modification">
<modification xmlns="http://www.simplemachines.org/xml/modification" xmlns:smf="http://www.simplemachines.org/">
	<id>PaulpBaker:RandomNewsFader</id>
	<version>1.0</version>
	<file name="$sourcedir/Subs.php">
		<operation>
			<search position="before"><![CDATA[
	$context['random_news_line'] = $context['news_lines'][mt_rand(0, count($context['news_lines']) - 1)];
]]></search>
			<add><![CDATA[


   shuffle($context['news_lines']);


]]></add>
		</operation>
	</file>
</modification>
