<?xml version="1.0"?>
<!DOCTYPE package-info SYSTEM "http://www.simplemachines.org/xml/package-info">
<package-info xmlns="http://www.simplemachines.org/xml/package-info" xmlns:smf="http://www.simplemachines.org/">
	<name>Random News Fader</name>
	<id>PaulpBaker:RandomNewsFader</id>
	<type>modification</type>
	<version>1.0</version>
	
	<install for="2.0 - 2.99.99">
		<readme type="file" parsebbc="true">readme.txt</readme>
		<modification type="file">install_2.xml</modification>
	</install>
	
	<uninstall for="2.0 - 2.99.99">
		<readme type="file" parsebbc="true">readme.txt</readme>
		<modification type="file" reverse="true">install_2.xml</modification>
	</uninstall>
	
</package-info>
