<?xml version="1.0"?>
<!DOCTYPE modification SYSTEM "http://www.simplemachines.org/xml/modification">
<modification xmlns="http://www.simplemachines.org/xml/modification" xmlns:smf="http://www.simplemachines.org/">
	<id>Bugo:HighlightThemeEdit</id>
	
	<file name="$sourcedir/Themes.php">
		<operation>
			<search position="after"><![CDATA[
	// Default the page title]]></search>
			<add><![CDATA[
	// Highlighting on Theme Edit
	global $settings;
	$context['html_headers'] .= '
	<link rel="stylesheet" href="' . $settings['default_theme_url'] . '/css/codemirror/codemirror.css" />
	<link rel="stylesheet" href="' . $settings['default_theme_url'] . '/css/codemirror/default.css" />';
	
	$style_list = glob($settings['default_theme_dir'] . "/css/codemirror/*.css");
	$context['hote_style_set'] = array();
	foreach ($style_list as $file) {
		$search = array($settings['default_theme_dir'] . "/css/codemirror/", '.css');
		$replace = array('', '');
		$file = str_replace($search, $replace, $file);
		$context['hote_style_set'][$file] = ucwords(str_replace('-', ' ', $file));
	}
	
	foreach ($context['hote_style_set'] as $file => $name)
		$context['html_headers'] .= '
	<link rel="stylesheet" href="' . $settings['default_theme_url'] . '/css/codemirror/' . $file . '.css" />';
	
	$context['html_headers'] .= '
	<style type="text/css">
		.CodeMirror {max-height: 24em; font-size: 1.4em; border: 1px solid #C5C5C5}
	</style>';
	
	$context['html_headers'] .= '
	<script type="text/javascript" src="' . $settings['default_theme_url'] . '/scripts/codemirror/codemirror.js"></script>
	<script type="text/javascript" src="' . $settings['default_theme_url'] . '/scripts/codemirror/xml.js"></script>
	<script type="text/javascript" src="' . $settings['default_theme_url'] . '/scripts/codemirror/javascript.js"></script>
	<script type="text/javascript" src="' . $settings['default_theme_url'] . '/scripts/codemirror/css.js"></script>
	<script type="text/javascript" src="' . $settings['default_theme_url'] . '/scripts/codemirror/clike.js"></script>
	<script type="text/javascript" src="' . $settings['default_theme_url'] . '/scripts/codemirror/php.js"></script>';
]]></add>
		</operation>
	</file>
	
	<file name="$themedir/Themes.template.php">
		<operation>
			<search position="replace"><![CDATA[
	echo '
					<textarea name="entire_file" cols="80" rows="20" style="' . ($context['browser']['is_ie8'] ? 'width: 635px; max-width: 96%; min-width: 96%' : 'width: 96%') . '; font-family: monospace; margin-top: 1ex; white-space: pre;" onkeyup="setPreviewTimeout();" onchange="refreshPreview(true);">', $context['entire_file'], '</textarea><br />
					<div class="padding righttext">
						<input type="submit" name="submit" value="', $txt['theme_edit_save'], '"', $context['allow_save'] ? '' : ' disabled="disabled"', ' style="margin-top: 1ex;" class="button_submit" />
						<input type="button" value="', $txt['themeadmin_edit_preview'], '" onclick="refreshPreview(false);" class="button_submit" />
					</div>]]></search>
			<add><![CDATA[
	// Edit by Bugo for Highlighting on Theme Edit
	echo '
					<textarea name="entire_file" id="entire_file" cols="80" rows="20" style="' . ($context['browser']['is_ie8'] ? 'width: 635px; max-width: 96%; min-width: 96%' : 'width: 96%') . '; font-family: monospace; margin-top: 1ex; white-space: pre;" onkeyup="setPreviewTimeout();" onchange="refreshPreview(true);">', $context['entire_file'], '</textarea>
					<div class="righttext">
						<p class="padding floatleft">
							', $txt['hte_theme'], ' <select onchange="selectTheme(this.value)">
								<option selected="selected">default</option>';
								
	foreach ($context['hote_style_set'] as $file => $name)
		echo '
								<option value="', $file, '">', $name, '</option>';
								
	echo '
							</select>
						</p>
						<input type="submit" name="submit" value="', $txt['theme_edit_save'], '"', $context['allow_save'] ? '' : ' disabled="disabled"', ' style="margin-top: 1ex;" class="button_submit" />
					</div>]]></add>
		</operation>
		<operation>
			<search position="after"><![CDATA[
}

// This edits the template...
function template_edit_template()
{]]></search>
			<add><![CDATA[
	
	// Highlighting on Theme Edit
	echo '
	<script type="text/javascript">
		var editor = CodeMirror.fromTextArea(document.getElementById("entire_file"), {
			lineNumbers: true,
			mode: "text/css",
		});
		function selectTheme(theme) {
			editor.setOption("theme", theme);
		}
	</script>';
]]></add>
		</operation>
		<operation>
			<search position="replace"><![CDATA[<div class="centertext">
						<textarea id="on_line', $part['line'] ,'" name="entire_file[]" cols="80" rows="', $part['lines'] > 14 ? '14' : $part['lines'], '" class="edit_file">', $part['data'], '</textarea>
					</div>]]></search>
			<add><![CDATA[<div><!-- Fix by Bugo -->
						<textarea id="on_line', $part['line'] ,'" name="entire_file[]" cols="80" rows="', $part['lines'] > 14 ? '14' : $part['lines'], '" class="edit_file">', $part['data'], '</textarea>
					</div>]]></add>
		</operation>
		<operation>
			<search position="after"><![CDATA[
}

function template_edit_file()
{]]></search>
			<add><![CDATA[
	// Highlighting on Theme Edit
	foreach ($context['file_parts'] as $part) {
		echo '
	<script type="text/javascript">
		var editor = CodeMirror.fromTextArea(document.getElementById("on_line' . $part['line'] . '"), {
			lineNumbers: true,
			matchBrackets: true,
			mode: "text/x-php",
			firstLineNumber: ' . $part['line'] . '
		});
	</script>';
	}			
	
	echo '
	<br class="clear" />';	
]]></add>
		</operation>
		<operation>
			<search position="replace"><![CDATA[<textarea name="entire_file" id="entire_file" cols="80" rows="20" class="edit_file">', $context['entire_file'], '</textarea><br />
					<input type="submit" name="submit" value="', $txt['theme_edit_save'], '"', $context['allow_save'] ? '' : ' disabled="disabled"', ' class="button_submit" />
					<input type="hidden" name="filename" value="', $context['edit_filename'], '" />
					<input type="hidden" name="', $context['session_var'], '" value="', $context['session_id'], '" />]]></search>
			<add><![CDATA[<textarea name="entire_file" id="entire_file" cols="80" rows="20" class="edit_file">', $context['entire_file'], '</textarea>
					<div class="righttext">
						<p class="padding floatleft">
							', $txt['hte_theme'], ' <select onchange="selectTheme(this.value)">
								<option selected="selected">default</option>';
								
	foreach ($context['hote_style_set'] as $file => $name)
		echo '
								<option value="', $file, '">', $name, '</option>';
								
	echo '
							</select>
						</p>
						<input type="submit" name="submit" value="', $txt['theme_edit_save'], '"', $context['allow_save'] ? '' : ' disabled="disabled"', ' style="margin-top: 1ex;" class="button_submit" />
						<input type="hidden" name="filename" value="', $context['edit_filename'], '" />
						<input type="hidden" name="', $context['session_var'], '" value="', $context['session_id'], '" />
					</div>]]></add>
		</operation>
		<operation>
			<search position="after"><![CDATA[
}

?>]]></search>
			<add><![CDATA[
	
	// Highlighting on Theme Edit
	echo '
	<script type="text/javascript">
		var editor = CodeMirror.fromTextArea(document.getElementById("entire_file"), {
			lineNumbers: true,
			mode: "text/javascript",
		});
		function selectTheme(theme) {
			editor.setOption("theme", theme);
		}
	</script>';
]]></add>
		</operation>
	</file>
	
</modification>