<?xml version="1.0"?>
<!DOCTYPE modification SYSTEM "http://www.simplemachines.org/xml/modification">
<modification xmlns="http://www.simplemachines.org/xml/modification" xmlns:smf="http://www.simplemachines.org/">
	<id>Bugo:HighlightThemeEdit</id>

	<file name="$languagedir/Modifications.english-utf8.php" error="skip">
		<operation>
			<search position="end" />
			<add><![CDATA[
// Highlighting on Theme Edit
$txt['hte_theme'] = 'Theme:';
]]></add>
		</operation>
	</file>
	
	<file name="$languagedir/Modifications.russian-utf8.php" error="skip">
		<operation>
			<search position="end" />
			<add><![CDATA[
// Highlighting on Theme Edit
$txt['hte_theme'] = 'Тема подсветки:';
]]></add>
		</operation>
	</file>
	
</modification>