<?xml version="1.0"?>
<!DOCTYPE package-info SYSTEM "http://www.simplemachines.org/xml/package-info">
<package-info xmlns="http://www.simplemachines.org/xml/package-info" xmlns:smf="http://www.simplemachines.org/">
	<id>Bugo:HighlightThemeEdit</id>
	<name>Highlighting on Theme Edit</name>
	<version>0.7.1</version>
	<type>modification</type>
	
	<install for="2.0 - 2.0.99">
		<readme parsebbc="true" lang="russian-utf8">readme/russian-utf8.txt</readme>
		<readme parsebbc="true" lang="russian">readme/russian.txt</readme>
		<readme parsebbc="true">readme/readme.txt</readme>
		<require-dir name="css" destination="$themedir" />
		<require-dir name="scripts" destination="$themedir" />
		<modification>install.xml</modification>
		<modification>languages.xml</modification>
		<modification>languages-utf8.xml</modification>
		<redirect url="?action=admin;area=theme;sa=admin;sa=edit" timeout="1000" />
	</install>
	
	<uninstall for="2.0 - 2.0.99">
		<modification reverse="true">install.xml</modification>
		<modification reverse="true">languages.xml</modification>
		<modification reverse="true">languages-utf8.xml</modification>
		<remove-dir name="$themedir/css/codemirror" />
		<remove-dir name="$themedir/scripts/codemirror" />
		<redirect url="?action=admin;area=packages;sa=browse" timeout="1000" />
	</uninstall>
	
	<install for="SMF 2.1 Alpha 1, 2.1 - 2.1.99">
		<readme parsebbc="true" lang="russian-utf8">readme/russian-utf8.txt</readme>
		<readme parsebbc="true" lang="russian">readme/russian.txt</readme>
		<readme parsebbc="true">readme/readme.txt</readme>
		<require-dir name="css" destination="$themedir" />
		<require-dir name="scripts" destination="$themedir" />
		<modification>install1.xml</modification>
		<modification>languages.xml</modification>
		<modification>languages-utf8.xml</modification>
		<redirect url="?action=admin;area=theme;sa=admin;sa=edit" timeout="1000" />
	</install>
	
	<uninstall for="SMF 2.1 Alpha 1, 2.1 - 2.1.99">
		<modification reverse="true">install1.xml</modification>
		<modification reverse="true">languages.xml</modification>
		<modification reverse="true">languages-utf8.xml</modification>
		<remove-dir name="$themedir/css/codemirror" />
		<remove-dir name="$themedir/scripts/codemirror" />
		<redirect url="?action=admin;area=packages;sa=browse" timeout="1000" />
	</uninstall>
	
</package-info>