<?xml version="1.0"?>
<!DOCTYPE modification SYSTEM "http://www.simplemachines.org/xml/modification">
<modification xmlns="http://www.simplemachines.org/xml/modification" xmlns:smf="http://www.simplemachines.org/">
	<id>Labradoodle-360:menu-editor-lite</id>
	<version>1.0.5</version>
	<file name="$boarddir/index.php">
		<operation>
			<search position="replace"><![CDATA[elseif (empty($_REQUEST['action'])]]></search>
			<add><![CDATA[elseif (empty($_REQUEST['action']) && empty($_REQUEST['ajax_request'])]]></add>
		</operation>
		<operation>
			<search position="before"><![CDATA[
			return 'Display';
		}
	}
]]></search>
			<add><![CDATA[
	//-- Labradoodle-360; Menu Editor Lite
	elseif (!empty($_REQUEST['ajax_request']) && $_REQUEST['ajax_request'] == 'menu_children')
	{
		require_once($sourcedir . '/menu_source/resources/ajax.php');
		http_request_children();
	}
	// End Labradoodle-360; Menu Editor Lite --//
]]></add>
		</operation>
	</file>
	<file name="$sourcedir/Subs.php">
		<operation>
			<search position="before"><![CDATA[
		call_integration_hook('integrate_menu_buttons', array(&$buttons));
]]></search>
			<add><![CDATA[
	//-- Labradoodle-360; Menu Editor Lite
	if (empty($context['uninstalling']) || !empty($_REQUEST['package']) && $_REQUEST['package'] != 'Menu-Editor-Lite-1.0.5.zip')
	{
		global $sourcedir;
		require_once($sourcedir . '/menu_source/resources/main.php');
		unset($buttons);
		$buttons = subsFunc1();
	}
	// End Labradoodle-360; Menu Editor Lite --//
]]></add>
		</operation>
		<operation>
			<search position="replace"><![CDATA[
	$context['menu_buttons'][$current_action]['active_button'] = true;
]]></search>
			<add><![CDATA[
	//-- Labradoodle-360; Menu Editor Lite
	if (empty($context['uninstalling']) || !empty($_REQUEST['package']) && $_REQUEST['package'] != 'Menu-Editor-Lite-1.0.5.zip')
		subsFunc2($menu_buttons);
	// End Labradoodle-360; Menu Editor Lite --//
]]></add>
		</operation>
	</file>
</modification>