<?xml version="1.0"?>
<!DOCTYPE package-info SYSTEM "http://www.simplemachines.org/xml/package-info">
<!-- - - - - - - - - - - - - - - - - - - - - - - - - - - - - - - - - - - - - - -
	Package manifest file for Menu Editor Lite 1.0.5

	ATTENTION: If you are trying to install this manually, you should try
	the package manager.  If it will not work for you, please take a look
	at the following for information on this format:
		http://mods.simplemachines.org/docs/manual-install.php

 - - - - - - - - - - - - - - - - - - - - - - - - - - - - - - - - - - - - - - -->
<package-info xmlns="http://www.simplemachines.org/xml/package-info" xmlns:smf="http://www.simplemachines.org/">
	<name>Menu Editor Lite</name>
	<id>Labradoodle-360:menu-editor-lite</id>
	<version>1.0.5</version>
	<license><!--
/**
 * Menu Editor Lite
 *
 * @author Matthew Kerle <lab360@simplemachines.org>
 * @copyright Matthew Kerle, 2012
 * @license http://www.mozilla.org/MPL/MPL-1.1.html
 *
 * @version 1.0.5
 */
--></license>
	<type>modification</type>
	<!-- !! INSTALLS !! -->
	<install for="2.0 - 2.0.99">
		<readme type="file" parsebbc="true">readme.txt</readme>
		<modification type="file" format="xml">modifications.xml</modification>
		<!-- Require Dir: menu_source -->
		<require-dir name="/resources/menu_source" destination="$sourcedir">Menu Source Directory</require-dir>
		<!-- Require Dir: menu_templates -->
		<require-dir name="/resources/menu_templates" destination="$themedir">Menu Template Directory</require-dir>
		<!-- Require Dir: menu_language -->
		<require-dir name="/resources/menu_language" destination="$languagedir">Menu Language Directory</require-dir>
		<!-- Require Dir: menu_images -->
		<require-dir name="/resources/menu_images" destination="$imagesdir">Menu Image Directory</require-dir>
		<!-- Require Dir: menu_css -->
		<require-dir name="/resources/menu_css" destination="$themedir/css">Menu CSS Directory</require-dir>
		<!-- Require Dir: menu_scripts -->
		<require-dir name="/resources/menu_scripts" destination="$themedir/scripts">Menu Script Directory</require-dir>
		<!-- Add: Hooks -->
		<code type="file">menu_ihooks.php</code>
		<!-- Add: Settings -->
		<database type="file">menu_db_install.php</database>
		<!-- Redirect To: ?action=admin;area=menueditor -->
		<redirect url="?action=admin;area=menueditor" />
	</install>
	<!-- !! UNINSTALLS !! -->
	<uninstall for="2.0 - 2.0.99">
		<readme type="file" parsebbc="true">readme.txt</readme>
		<modification type="file" format="xml" reverse="true">modifications.xml</modification>
		<!-- Remove Dir: menu_source -->
		<remove-dir name="$sourcedir/menu_source" />
		<!-- Remove Dir: menu_templates -->
		<remove-dir name="$themedir/menu_templates" />
		<!-- Remove Dir: menu_language -->
		<remove-dir name="$languagedir/menu_language" />
		<!-- Remove Dir: menu_images -->
		<remove-dir name="$imagesdir/menu_images" />
		<!-- Remove Dir: menu_css -->
		<remove-dir name="$themedir/css/menu_css" />
		<!-- Remove Dir: menu_scripts -->
		<remove-dir name="$themedir/scripts/menu_scripts" />
		<!-- Remove: Hooks -->
		<code type="file">menu_uhooks.php</code>
		<!-- Redirect To: ?action=admin;area=packages;sa=browse -->
		<redirect url="?action=admin;area=packages;sa=browse" />
	</uninstall>
</package-info>