<?xml version="1.0"?>
<!DOCTYPE package-info SYSTEM "http://www.simplemachines.org/xml/package-info">
<package-info xmlns="http://www.simplemachines.org/xml/package-info" xmlns:smf="http://www.simplemachines.org/">
  <id>Peludo_08:MSNIcons</id>
  <name>MSN Icons v2.0</name>
  <version>2.0</version>
  <type>modification</type>
  <install>
    <readme type="file">ReadMe.txt</readme>
    <require-dir name="MSNIcons" destination="$smileysdir" />
  </install>
  <uninstall>
    <remove-dir name="$smileysdir/MSNIcons" />
  </uninstall>
</package-info>
