<?xml version="1.0"?>
<!DOCTYPE modification SYSTEM "http://www.simplemachines.org/xml/modification">
<modification xmlns="http://www.simplemachines.org/xml/modification" xmlns:smf="http://www.simplemachines.org/">
	<id>sium:imgbb</id>
	<version>2.0.0</version>

	<file name="$themedir/index.template.php">
		<operation>
			<search position="replace"><![CDATA[</body>]]></search>
			<add><![CDATA[
<script type="text/javascript" async src="Themes/default/scripts/imgbb.js" charset="utf-8"></script>
</body>]]></add>
		</operation>
	</file>
</modification>
