<?xml version="1.0"?>
<!DOCTYPE package-info SYSTEM "http://www.simplemachines.org/xml/package-info">
<package-info xmlns="http://www.simplemachines.org/xml/package-info" xmlns:smf="http://www.simplemachines.org/">
	<id>sium:postimage</id>
	<name>Simple Image Upload</name>
	<version>2.0.0</version>
	<type>modification</type>
	
	<install>
		<readme type="file" parsebbc="true">readme.txt</readme>
		<modification format="xml" type="file">install.xml</modification>
		<require-file name="imgbb.js" destination="$themedir/scripts" />
	</install>

	<uninstall>
		<modification reverse="true">install.xml</modification>
		<remove-file name="$themedir/scripts/imgbb.js" />
	</uninstall>
	
</package-info>