<?xml version="1.0"?>
<!DOCTYPE modification SYSTEM "http://www.simplemachines.org/xml/modification">
<!-- --------------------------------------------------------------------------
	Package: "Theme Image Uploader"
	Author: Kays
	Copyright: (c) 2011 Kays
	License: license.txt (included with package) BSD
--------------------------------------------------------------------------- -->
<modification xmlns="http://www.simplemachines.org/xml/modification" xmlns:smf="http://www.simplemachines.org/">
	<id>Kays:ThemeImageUploader</id>
	<version>1.1</version>

	<file name="$boarddir/index.php">
		<operation>
			<search position="before"><![CDATA['im' => array('PersonalMessage.php', 'MessageMain'),
]]></search>
			<add><![CDATA[		'imageUpload' => array('Admin.php', 'themeImageUpload'),
]]></add>
		</operation>
	</file>

	<file name="$themedir/Themes.template.php">
		<operation>
			<search position="replace"><![CDATA[<br class="clear" />

		<script type="text/javascript">]]></search>
			<add><![CDATA[<br class="clear" />';

	// Added by the Theme Image Uploader mod
	themeImageUpload();

	echo '

		<script type="text/javascript">]]></add>
		</operation>
	</file>

	<file name="$sourcedir/Admin.php">
		<operation>
			<search position="end" />
			<add><![CDATA[
// Added by the Theme Image Uploader mod
function themeImageUpload($folder = 'all', $redirect_to = 'action=admin;area=theme;sa=admin#uploader')
{
	global $txt, $context, $scripturl, $settings, $sourcedir;
	
	if(!allowedTo('admin_forum'))
		return;

	$images_url = $settings['actual_images_url'];
	$images_dir = $settings['actual_theme_dir'] . '/' . basename($settings['actual_images_url']);
	$image_folder = basename($settings['actual_images_url']);
	$context['images_folder'] = $image_folder;

	if (!is_writable($images_dir))
	{
		log_error(vsprintf($txt['folder_not_writable'], array($image_folder, $settings['name'])), 'critical');
		return;
	}

	// Not an upload, so we should get the info to display.
	if (!isset($_POST['upload']))
	{
		$context['redirect_to'] = $redirect_to;
		
		if ($folder == 'all')
		{
			// Lets see which folders are in this theme?
			if ($dir = @opendir($images_dir))
			{
				$context['folders'] = array();
				while ($file = readdir($dir))
				{
					if ($file == '.' || $file == '..' || !is_dir($images_dir . '/' . $file))
						continue;

					$context['folders'][] = $file;
				}
				closedir($dir);
			}
			else
			{
				log_error($txt['cant_access_folder'], 'critical');
				return false;
			}
		}
		else
			$context['folder'] = $folder;

		if (!empty($_SESSION['upload_message']))
		{
			$context['upload_message'] = $_SESSION['upload_message'];
			unset($_SESSION['upload_message']);
		}

		// Load the template.
		theme_image_upload_template();
	}
	else
	// Uploading some images are we now?
	{
		checkSession('post');

		loadLanguage('Admin');
		if (!is_writable($settings['actual_theme_dir'] . $_POST['folder_path']))
		{
			$error = vsprintf($txt['folder_not_writable'], array($_POST['folder_path'], $settings['name']));
			log_error($error, 'critical');
		}

		$success = array();
		$errors = array();
		require_once($sourcedir . '/Subs-Graphics.php');
		foreach ($_FILES['imageUpload']['tmp_name'] as $n => $dummy)
		{
			if (empty($_FILES['imageUpload']['name'][$n]))
				continue;

			$dest = $settings['actual_theme_dir'] . $_POST['folder_path'] . $_FILES['imageUpload']['name'][$n];

			if (!file_exists($_FILES['imageUpload']['tmp_name'][$n]))
				$errors[] = $_FILES['imageUpload']['name'][$n] . ': ' . $txt['image_no_find'];
			else
				if (!$sizes = @getimagesize($_FILES['imageUpload']['tmp_name'][$n]))
				{
					$errors[] = $_FILES['imageUpload']['name'][$n] . ': ' . $txt['file_not_image'];
					@unlink($_FILES['imageUpload']['tmp_name'][$n]);
				}
				else	
					// Only .jpg, .gif, .png are allowed
					if (!in_array($sizes[2], array(1,2,3)))
					{
						$errors[] = $_FILES['imageUpload']['name'][$n] . ': ' . $txt['wrong_file_type'];
						@unlink($_FILES['imageUpload']['tmp_name'][$n]);
					}
					else
						// Can't re-encode the imgage since the transpeancy layer is lost. So, I hope this check don't cause no problems.
						if (!checkImageContents($_FILES['imageUpload']['tmp_name'][$n]))
						{
							$errors[] = $_FILES['imageUpload']['name'][$n] . ': ' . $txt['fail_re-encoding'];
							@unlink($_FILES['imageUpload']['tmp_name'][$n]);
						}
						else
							if (!move_uploaded_file($_FILES['imageUpload']['tmp_name'][$n], $dest))
							{
								$errors[] = $_FILES['imageUpload']['name'][$n] . ': ' . $txt['image_move_timeout'];
								@unlink($_FILES['imageUpload']['tmp_name'][$n]);
							}
							else
								$success[] = $_FILES['imageUpload']['name'][$n];
		}

		// Put together a nice little message to show the user the good news and the bad news.
		$_SESSION['upload_message'] = '';
		if(!empty($success))
			$_SESSION['upload_message'] .= vsprintf($txt['upload_success'], $_POST['folder_path']) . '<ul><li>' . implode('</li><li>', $success) . '</li></ul>';
		if (!empty($error))
			$_SESSION['upload_message'] = '<div class="error">' . $error . '</div>';
		if (!empty($errors))
			$_SESSION['upload_message'] .= (!empty($success) ? '<hr />' : '') . $txt['upload_fail'] . '<ul><li>' . implode('</li><li>', $errors) . '</li></ul>';			

		redirectexit($_POST['redirect_to']);
	}
}
]]></add>
		</operation>
	</file>
	<file name="$themedir/Admin.template.php">
		<operation>
			<search position="end" />
			<add><![CDATA[
// Added by the Theme Image Uploader mod
function theme_image_upload_template()
{
	global $txt, $context, $scripturl, $settings, $settings;
	
	echo '

		<a name="uploader"></a>
		<div class="cat_bar">
			<h3 class="catbg">
				<span class="ie6_header floatleft"><a href="', $scripturl, '?action=helpadmin;help=theme_image_uploader" onclick="return reqWin(this.href);" class="help"><img src="', $settings['images_url'], '/helptopics.gif" class="icon" alt="', $txt['help'], '" /></a> ', vsprintf($txt['theme_image_uploader'], $settings['name']), '</span>
			</h3>
		</div>
		<form action="', $scripturl, '?action=imageUpload" method="post" accept-charset="', $context['character_set'], '" enctype="multipart/form-data">
			<div class="windowbg', isset($context['folder']) ? '2' : '', '">
				<span class="topslice"><span></span></span>
				<div class="content">
					<div id="upload">';

	if (!empty($context['upload_message']))
		echo '
					<fieldset class="windowbg', !isset($context['folder']) ? '2' : '', '">', $context['upload_message'], '</fieldset><br />';
	
	if (isset($context['folder']))
		echo '
					<dl class="settings">
						<input type="hidden" name="folder_path" value="/',  $context['folder'], '/" />';
	else
	{
		// Folder Select
		echo '
						<dl class="settings">
							<dt><label for="folders">', $txt['select_folder'], '</label></dt>
							<dd class="smalltext">
								<select id="folders" name="folder_path">
									<option value="/', $context['images_folder'], '/">/', $context['images_folder'], '&nbsp;</option>';

		foreach ($context['folders'] as $folder)
			echo '
									<option value="/', $context['images_folder'], '/', $folder, '/">/', $context['images_folder'], '/', $folder, '&nbsp;</option>';

		echo '
								</select>
							</dd>';
	}

	// File upload box thingies.
	echo '
							<dt><label for="image1">', $txt['select_image'], '</label></dt>
							<dd class="smalltext"><input type="file" size="40" name="imageUpload[]" id="image1" class="input_file" /> (<a href="javascript:void(0);" onclick="cleanFileInput(\'image1\');">', $txt['clean_image'], '</a>)
								<script type="text/javascript"><!-- // --><![CD', 'ATA[
									var current_image = 1;

									function addImage()
									{
										current_image = current_image + 1;
										setOuterHTML(document.getElementById("moreImages"), \'<dd class="smalltext"><input type="file" size="40" name="imageUpload[]" id="image\' + current_image + \'" class="input_file" /> (<a href="javascript:void(0);" onclick="cleanFileInput(\\\'image\' + current_image + \'\\\');">', $txt['clean_image'], '<\' + \'/a>)\' + \'<\' + \'/dd><dt><\' + \'/dt><dd class="smalltext" id="moreImages"><a href="#" onclick="addImage(); return false;">(', $txt['more_images'], ')<\' + \'/a><\' + \'/dd>\');
										return true;
									}
								// ]', ']></script></dd>
							<dt></dt>
							<dd class="smalltext" id="moreImages"><a href="#" onclick="addImage(); return false;">(', $txt['more_images'], ')</a></dd>';

	// The End. :)
	echo '
						</dl>
						<div class="righttext">
							<input type="hidden" name="redirect_to" value="', $context['redirect_to'], '" />
							<input type="hidden" name="', $context['session_var'], '" value="', $context['session_id'], '" />
							<input type="submit" name="upload" value="', $txt['theme_image_upload'], '" class="button_submit" />
						</div>
					</div>
				</div>
				<span class="botslice"><span></span></span>
			</div>
		</form>';

	// Theme quick change
	if (isset($context['themes']))
	{
		echo '
		<br />
		<div class="cat_bar">
			<h3 class="catbg">
				<span class="ie6_header floatleft">', $txt['theme_quick_change'], '</span>
			</h3>
		</div>
		<div class="windowbg">
			<span class="topslice"><span></span></span>
			<div class="content">
				<dl class="settings">
					<dd><br /></dd>
					<dt><label for="themes">', $txt['theme_quick_change_select'], '</label></dt>
					<dd class="smalltext">
						<select onchange="window.location=document.getElementById(\'themes\').value;" id="themes" name="quick_change">';

		foreach ($context['themes'] as $theme)
			echo '
							<option value="', $scripturl, '?theme=', $theme['id'], ';', $context['redirect_to'], '"', $theme['id'] == $settings['theme_id'] ? ' selected="selected"' : '', '>', $theme['name'], '&nbsp;</option>';

		echo '
						</select>
					</dd>
				</dl>
			</div>
			<span class="botslice"><span></span></span>
		</div>
		';
	}
}
]]></add>
		</operation>
	</file>
	<file name="$themedir/ManageMembergroups.template.php">
		<operation>
			<search position="before"><![CDATA[template_show_list('post_count_membergroups_list');
]]></search>
			<add><![CDATA[	// Added by the Theme Image Uploader mod
	echo '<br /><br />';
	themeImageUpload($folder = 'images', $redirect_to = 'action=admin;area=membergroups#uploader');	
]]></add>
		</operation>
		<operation>
			<search position="after"><![CDATA[
}

// Templating for viewing the members of a group.
]]></search>
			<add><![CDATA[	// Added by the Theme Image Uploader mod
	themeImageUpload($folder = 'images', $redirect_to = 'action=admin;area=membergroups;sa=edit;group=' . $context['group']['id'] . '#uploader');	
]]></add>
		</operation>
	</file>

	<file name="$themedir/ManageSmileys.template.php">
		<operation>
			<search position="before"><![CDATA[<input type="hidden" name="', $context['session_var'], '" value="', $context['session_id'], '" />
				</div>
				<span class="botslice"><span></span></span>
			</div>
		</form>
	</div>
	<br class="clear" />';
]]></search>
			<add><![CDATA[
	// Added by the Theme Image Uploader mod
	themeImageUpload($folder = 'images/post', $redirect_to = 'action=admin;area=smileys;sa=editicon#uploader');	
]]></add>
		</operation>
	</file>
</modification>
