<?xml version="1.0"?>
<!DOCTYPE modification SYSTEM "http://www.simplemachines.org/xml/modification">
<!-- --------------------------------------------------------------------------
	Package: "Theme Image Uploader"
	Author: Kays
	Copyright: (c) 2011 Kays
	License: license.txt (included with package) BSD
--------------------------------------------------------------------------- -->
<modification xmlns="http://www.simplemachines.org/xml/modification" xmlns:smf="http://www.simplemachines.org/">
	<id>Kays:ThemeImageUploader</id>
	<version>1.1.0</version>

	<file name="$languagedir/Admin.english-utf8.php" error="skip">
		<operation>
			<search position="end" />
			<add><![CDATA[
// Added by the Theme Image Uploader mod
$txt['theme_image_uploader'] = 'Upload images to the (%1$s) theme';
$txt['clean_image'] = 'Remove entry';
$txt['more_images'] = 'Add more images';
$txt['select_image'] = 'Select an image, or images to upload:';
$txt['select_folder'] = 'Choose destination directory:';
$txt['theme_image_upload'] = 'Upload';
$txt['upload_success'] = 'The following were uploaded sucessfully to the %1$s directory:';
$txt['upload_fail'] = '<span class="error">Error!</span> There was a problem uploading the following:';
$txt['image_no_find'] = 'Unable to locate uploaded image. This could possibly be caused by a server time out.';
$txt['wrong_file_type'] = 'Incorrect file type. The only allowable file types are JPEG, PNG and GIF.';
$txt['fail_re-encoding'] = 'Failed the security check and cannot be uploaded.';
$txt['image_move_timeout'] = 'Could not be saved. This could be caused by either a timeout or if the destination directory is not writable.';
$txt['file_not_image'] = 'Not a valid image file.';
$txt['cant_access_folder'] = 'Unable to access the images directory.';
$txt['folder_not_writable'] = 'The %1$s directory in the (%2$s) theme is not writable.';
$txt['theme_quick_change'] = 'Theme quick change';
$txt['theme_quick_change_select'] = 'Select theme';
]]></add>
		</operation>
	</file>
	<file name="$languagedir/Help.english-utf8.php" error="skip">
		<operation>
			<search position="end" />
			<add><![CDATA[
// Added by the Theme Image Uploader mod
$helptxt['theme_image_uploader'] = 'Upload image files directly to the images directory and sub-directorys of the current theme. Only JPEG, GIF and PNG image types are allowed.<br /><br />Note: Due to the fact that this is designed to replace existing images. There is no overwrite protect or warning if an existing image is overwritten.';]]></add>
		</operation>
	</file>

	<file name="$languagedir/Admin.english_british-utf8.php" error="skip">
		<operation>
			<search position="end" />
			<add><![CDATA[
// Added by the Theme Image Uploader mod
// Added by the Theme Image Uploader mod
$txt['theme_image_uploader'] = 'Upload images to the (%1$s) theme';
$txt['clean_image'] = 'Remove entry';
$txt['more_images'] = 'Add more images';
$txt['select_image'] = 'Select an image, or images to upload:';
$txt['select_folder'] = 'Choose destination directory:';
$txt['theme_image_upload'] = 'Upload';
$txt['upload_success'] = 'The following were uploaded sucessfully to the %1$s directory:';
$txt['upload_fail'] = '<span class="error">Error!</span> There was a problem uploading the following:';
$txt['image_no_find'] = 'Unable to locate uploaded image. This could possibly be caused by a server time out.';
$txt['wrong_file_type'] = 'Incorrect file type. The only allowable file types are JPEG, PNG and GIF.';
$txt['fail_re-encoding'] = 'Failed the security check and cannot be uploaded.';
$txt['image_move_timeout'] = 'Could not be saved. This could be caused by either a timeout or if the destination directory is not writable.';
$txt['file_not_image'] = 'Not a valid image file.';
$txt['cant_access_folder'] = 'Unable to access the images directory.';
$txt['folder_not_writable'] = 'The %1$s directory in the (%2$s) theme is not writable.';
$txt['theme_quick_change'] = 'Theme quick change';
$txt['theme_quick_change_select'] = 'Select theme';
]]></add>
		</operation>
	</file>
	<file name="$languagedir/Help.english_british-utf8.php" error="skip">
		<operation>
			<search position="end" />
			<add><![CDATA[
// Added by the Theme Image Uploader mod
$helptxt['theme_image_uploader'] = 'Upload image files directly to the images directory and sub-directorys of the current theme. Only JPEG, GIF and PNG image types are allowed.<br /><br />Note: Due to the fact that this is designed to replace existing images. There is no overwrite protect or warning if an existing image is overwritten.';
]]></add>
		</operation>
	</file>
</modification>