<?xml version="1.0"?>
<!DOCTYPE package-info SYSTEM "http://www.simplemachines.org/xml/package-info">
<!-- --------------------------------------------------------------------------
	Package: "Theme Image Uploader"
	Author: Kays
	Copyright: (c) 2011 Kays
	License: license.txt (included with package) BSD
--------------------------------------------------------------------------- -->
<package-info xmlns="http://www.simplemachines.org/xml/package-info" xmlns:smf="http://www.simplemachines.org/">
	<id>Kays:ThemeImageUploader</id>
	<name>Theme Image Uploader</name>
	<version>1.1.0</version>
	<type>modification</type>

	<install for="2.0 - 2.0.99">
		<readme type="file" parsebbc="true">readme.txt</readme>
		<modification>install.xml</modification>
		<modification>languages.xml</modification>
		<modification>languages_utf8.xml</modification>
		<redirect url="?action=admin;area=theme;sa=admin#uploader">redirect.txt</redirect> 
	</install>

	<uninstall for="2.0 - 2.0.99">
		<modification reverse="true">install.xml</modification>
		<modification reverse="true">languages.xml</modification>
		<modification reverse="true">languages_utf8.xml</modification>
		<redirect url="?action=admin;area=packages;sa=browse" /> 
	</uninstall>

	<install>
		<readme type="inline" parsebbc="true">[color=red]ERROR!![/color] This mod will not install on your version of SMF</readme>
	</install>

</package-info>