<?xml version="1.0"?>
<!DOCTYPE package-info SYSTEM "http://www.simplemachines.org/xml/package-info">

<package-info xmlns="http://www.simplemachines.org/xml/package-info" xmlns:smf="http://www.simplemachines.org/">
	<id>bolubeyi61:AddAvatarToWhoIsOnline</id>
	<name>Add Avatar To Who Is Online Version 1.2</name>
	<version>1.0</version>

	<type>modification</type>
	
	<install for="2.0 - 2.0.99">
        <readme type="file" parsebbc="true">readme.txt</readme>	
		<modification type="file">install.xml</modification>
		<require-file name="noavatar.png" destination="$imagesdir" />		
	</install>
	<uninstall for="2.0 - 2.0.99">
		<modification type="file" reverse="true">install.xml</modification>
		<remove-file name="$imagesdir/noavatar.png" />		

	</uninstall>
	

	
</package-info>