<?xml version="1.0" encoding="utf-8" ?>
<!DOCTYPE package-info SYSTEM "http://www.simplemachines.org/xml/package-info">
<package-info xmlns="http://www.simplemachines.org/xml/package-info" xmlns:smf="http://www.simplemachines.org/">
   <name>The Simpsons Avatars</name>
   <id>mem1988:TheSimpsonsAvatars</id>
   <type>avatar</type>
   <version>1.0</version>

   <install>
      <require-dir name="The Simpsons Avatars" destination="$avatardir" />
   </install>
   
   <uninstall>
      <remove-dir name="$avatardir/The Simpsons Avatars" />
   </uninstall>
</package-info>