<?xml version="1.0"?>
<!DOCTYPE package-info SYSTEM "http://www.simplemachines.org/xml/package-info">
<package-info xmlns="http://www.simplemachines.org/xml/package-info" xmlns:smf="http://www.simplemachines.org/">
	<name>Streaming 3</name>
	<id>1948pal:Streaming</id>
	<type>modification</type>
	<version>4.2.2b</version>
	<install for="1.1, 1.1.1 - 1.1.99">
		<require-file name="stream.gif" destination="$themedir/images/bbc" />
		<require-file name="real.gif" destination="$themedir/images/bbc" />
		<require-file name="quick.gif" destination="$themedir/images/bbc" />
		<require-file name="gv.gif" destination="$themedir/images/bbc" />
		<require-file name="yt.gif" destination="$themedir/images/bbc" />		
	<readme type="file">install.txt</readme>
		<modification type="file" format="boardmod">streaming.mod</modification>
	</install>
	<uninstall for="1.1, 1.1.1 - 1.1.99">
	    <remove-file name="$themedir/images/bbc/stream.gif" />
		<remove-file name="$themedir/images/bbc/real.gif" />
		<remove-file name="$themedir/images/bbc/quick.gif" />
		<remove-file name="$themedir/images/bbc/gv.gif" />
		<remove-file name="$themedir/images/bbc/yt.gif" />
		<remove-file name="$themedir/images/bbc/yv.gif" />	
		<readme type="file">uninstall.txt</readme>
		<modification type="file" format="boardmod" reverse="true">streaming.mod</modification>
	</uninstall>

</package-info>