<!-- Copyright 2005-2012 Michael Oestergaard Pedersen

     This file is part of Users Online Today Mod.

     Users Online Today Mod is free software: you can redistribute it and/or
     modify it under the terms of the GNU Affero General Public License as
     published by the Free Software Foundation, either version 3 of the License,
     or (at your option) any later version.

     Users Online Today Mod is distributed in the hope that it will be useful,
     but WITHOUT ANY WARRANTY; without even the implied warranty of
     MERCHANTABILITY or FITNESS FOR A PARTICULAR PURPOSE.  See the
     GNU Affero General Public License for more details.

     You should have received a copy of the GNU Affero General Public License along
     with Users Online Today Mod.  If not, see <http://www.gnu.org/licenses/>.
-->

<?xml version="1.0"?>
<?xml-stylesheet href="xslt/modification.xsl" type="text/xsl"?>
<!DOCTYPE modification SYSTEM "http://www.simplemachines.org/xml/modification">
<modification xmlns="http://www.simplemachines.org/xml/modification" xmlns:smf="http://www.simplemachines.org/">
	<id>Michael.PedersenAkaCarceri:UsersOnlineTodayMod</id>
	<version>2.0.3</version>
	<file name="$sourcedir/BoardIndex.php">
		<operation>
			<search position="before"><![CDATA[	$context += getMembersOnlineStats($membersOnlineOptions);
]]></search>
			<add><![CDATA[
	// Get the user online today list.
	$context += getUsersOnlineTodayStats();]]>
			</add>
		</operation>
	</file>
	<file name="$themedir/BoardIndex.template.php">
		<operation>
			<search position="after"><![CDATA[// If they are logged in, but statistical information is off... show a personal message bar.
]]></search>
			<add><![CDATA[	// Users Online Today
	echo '
			<div class="title_barIC">
				<h4 class="titlebg">
					<span class="ie6_header floatleft">
						<img class="icon" src="', $settings['images_url'], '/icons/online.gif', '" alt="', $txt['online_users'], '" />', $txt['uot_users_online_'.$modSettings['uot_setting_period']], '
					</span>
				</h4>
			</div>
			<p class="inline smalltext">';
	echo
				$txt['uot_total'], ': <b>', $context['num_users_online_today'], '</b>';

			if ($context['viewing_allowed'])
	echo
				' (', $txt['uot_visible'], ': ', ($context['num_users_online_today'] - $context['num_users_hidden_today']), ', ', $txt['uot_hidden'], ': ', $context['num_users_hidden_today'], ')';

				// Assuming there ARE users online... each user in users_online has an id, username, name, group, href, and link.
				if (!empty($context['users_online_today']) && $context['viewing_allowed'])
				{
	echo
					'<br />', implode(', ', $context['list_users_online_today']);
				}
	echo '
			</p>';
]]>
			</add>
		</operation>
	</file>
</modification>
