<?xml version="1.0"?>
<!DOCTYPE modification SYSTEM "http://www.simplemachines.org/xml/modification">
<modification xmlns="http://www.simplemachines.org/xml/modification" xmlns:smf="http://www.simplemachines.org/">
	<id>Labradoodle-360:Hide_Membergroup_Titles</id>
	<version>1.0</version>
	<file name="$sourcedir/ManageSettings.php">
		<operation>
			<search position="before"><![CDATA[
	$config_vars = array(
		// Mod authors, add any settings UNDER this line. Include a comma at the end of the line and don't remove this statement!!
]]></search>
			<add><![CDATA[
		array('check', 'enable_membergroup_display'),
]]></add>
		</operation>
	</file>
	<file name="$themedir/Display.template.php">
		<operation>
			<search position="replace"><![CDATA[
		// Show the member's primary group (like 'Administrator') if they have one.
		if (!empty($message['member']['group']))
]]></search>
			<add><![CDATA[
		// Show the member's primary group (like 'Administrator') if they have one.
		if (!empty($modSettings['enable_membergroup_display']) && (!empty($message['member']['group'])))
]]></add>
		</operation>
	</file>
	<file name="$themedir/languages/Modifications.english.php">
		<operation>
			<search position="end"></search>
			<add><![CDATA[
// MarcusJ's Hide Membergroup Titles Mod.
$txt['enable_membergroup_display'] = 'Display Membergroup Titles on Posts';
]]></add>
		</operation>
	</file>
</modification>
