<?xml version="1.0"?>
<!DOCTYPE package-info SYSTEM "http://www.simplemachines.org/xml/package-info">
<!-- - - - - - - - - - - - - - - - - - - - - - - - - - - - - - - - - - - - - - -
	Package manifest file for Hide Membergroup Titles

	ATTENTION: If you are trying to install this manually, you should try
	the package manager.  If it will not work for you, please take a look
	at the following for information on this format:
		http://mods.simplemachines.org/docs/manual-install.php

 - - - - - - - - - - - - - - - - - - - - - - - - - - - - - - - - - - - - - - -->

<package-info xmlns="http://www.simplemachines.org/xml/package-info" xmlns:smf="http://www.simplemachines.org/">

	<id>MarcusJ:Hide_Membergroup_Titles</id>

	<name>Hide Membergroup Titles</name>

	<version>1.0</version>

	<type>modification</type>

	<install for="2.0 RC2">
		<readme parsebbc="true">readme.txt</readme>
		<modification>hide_membergroup_titles_vrc2.3.xml</modification>
	</install>

	<uninstall for="2.0 RC2">
		<readme parsebbc="true">readme.txt</readme>
		<modification reverse="true">hide_membergroup_titles_vrc2.3.xml</modification>
	</uninstall>
	<install for="2.0 RC3">
		<readme parsebbc="true">readme.txt</readme>
		<modification>hide_membergroup_titles_vrc2.3.xml</modification>
	</install>

	<uninstall for="2.0 RC3">
		<readme parsebbc="true">readme.txt</readme>
		<modification reverse="true">hide_membergroup_titles_vrc2.3.xml</modification>
	</uninstall>
</package-info>