<?xml version="1.0"?>
<!DOCTYPE modification SYSTEM "http://www.simplemachines.org/xml/modification">

<modification xmlns="http://www.simplemachines.org/xml/modification" xmlns:smf="http://www.simplemachines.org/">
	<id>JovanT:ultimate_profile</id>
	<version>0.9</version>
	
	<file name="$boarddir/index.php">
		<operation>
			<search position="before"><![CDATA[
		'buddy' => array('Subs-Members.php', 'BuddyListToggle'),
]]></search>
			<add><![CDATA[
		'buddies' => array('Buddies.php', 'BuddiesMain'),
]]></add>
		</operation>
		</file>
</modification>
