<?xml version="1.0"?>
<!DOCTYPE modification SYSTEM "http://www.simplemachines.org/xml/modification">

<modification xmlns="http://www.simplemachines.org/xml/modification" xmlns:smf="http://www.simplemachines.org/">
	<id>JovanT:ultimate_profile</id>
	<version>0.9</version>
	
	<file name="$sourcedir/ManagePermissions.php">
		<operation>
			<search position="before"><![CDATA[
			'profile_remove' => array(true, 'profile', 'delete_account', 'moderate_general'),
]]></search>
			<add><![CDATA[
			'edit_ultimate_profile' => array(true, 'profile', 'edit_profile', 'moderate_general'),
]]></add>
		</operation>
		<operation>
			<search position="before"><![CDATA[
		'manage_bans',
		'move_own',
]]></search>
			<add><![CDATA[
		'edit_ultimate_profile',
]]></add>
		</operation>
		</file>
</modification>
